Mutation Context,Detections
Mutation.ADD_F_1_True_2,180
Mutation.ADD_NEGATION_1_True_1,165
Mutation.ADD_X_1_False_3,162
Mutation.ADD_NEGATION_1_False_2,120
Mutation.REMOVE_LEFT_SUBFORMULA_2_True_1,82
Mutation.ADD_F_3_False_2,80
Mutation.ADD_X_4_True_1,77
Mutation.ADD_G_3_True_2,71
Mutation.ADD_F_2_False_2,70
Mutation.ADD_G_4_True_2,66
Mutation.ADD_F_1_False_2,65
Mutation.ADD_X_3_None_2,62
Mutation.SWAP_IMPLIES_WITH_EQUIV_2_True_1,57
Mutation.ADD_G_3_False_2,56
Mutation.ADD_F_1_False_1,56
Mutation.ADD_X_3_None_3,54
Mutation.SWAP_IMPLIES_WITH_OR_2_None_2,54
Mutation.REMOVE_LEFT_SUBFORMULA_3_True_1,54
Mutation.ADD_G_4_False_2,52
Mutation.SWAP_G_WITH_F_1_False_1,51
Mutation.ADD_X_4_None_3,50
Mutation.ADD_X_3_True_1,47
Mutation.ADD_X_3_False_3,45
Mutation.SWAP_AND_WITH_OR_3_True_1,44
Mutation.ADD_NEGATION_3_None_2,43
Mutation.SWAP_G_WITH_F_1_None_2,40
Mutation.SWAP_APS_0_True_2,38
Mutation.ADD_X_1_False_4,36
Mutation.REMOVE_LEFT_SUBFORMULA_2_None_2,35
Mutation.ADD_NEGATION_4_None_2,35
Mutation.SWAP_AND_WITH_EQUIV_3_True_1,35
Mutation.REMOVE_RIGHT_SUBFORMULA_3_True_1,33
Mutation.REMOVE_LEFT_SUBFORMULA_2_True_2,33
Mutation.SWAP_APS_0_None_2,33
Mutation.ADD_NEGATION_1_False_3,32
Mutation.ADD_NEGATION_1_True_2,31
Mutation.SWAP_AND_WITH_IMPLIES_3_True_1,31
Mutation.SWAP_APS_0_True_1,30
Mutation.ADD_NEGATION_3_True_1,30
Mutation.ADD_G_4_False_3,30
Mutation.ADD_X_4_False_2,29
Mutation.REMOVE_RIGHT_SUBFORMULA_2_None_2,28
Mutation.SWAP_F_WITH_X_3_None_3,28
Mutation.REMOVE_RIGHT_SUBFORMULA_2_None_1,26
Mutation.ADD_NEGATION_4_True_2,25
Mutation.ADD_X_1_None_2,25
Mutation.SWAP_G_WITH_X_1_False_3,23
Mutation.SWAP_APS_0_None_1,22
Mutation.REMOVE_RIGHT_SUBFORMULA_3_None_2,22
Mutation.ADD_NEGATION_5_None_2,22
Mutation.ADD_F_4_True_2,22
Mutation.SWAP_F_WITH_G_3_None_2,20
Mutation.ADD_X_1_True_3,20
Mutation.ADD_X_5_True_1,20
Mutation.ADD_X_1_None_3,19
Mutation.SWAP_IMPLIES_WITH_AND_2_True_1,19
Mutation.ADD_F_3_True_2,19
Mutation.REMOVE_LEFT_SUBFORMULA_3_True_2,18
Mutation.ADD_X_4_None_2,18
Mutation.ADD_NEGATION_3_False_1,18
Mutation.ADD_NEGATION_4_False_2,17
Mutation.SWAP_APS_0_False_2,16
Mutation.ADD_NEGATION_3_False_2,15
Mutation.SWAP_IMPLIES_WITH_EQUIV_2_None_2,15
Mutation.ADD_G_3_False_3,15
Mutation.ADD_F_4_False_2,15
Mutation.ADD_X_4_False_3,15
Mutation.ADD_X_5_False_2,15
Mutation.SWAP_G_WITH_F_1_False_2,14
Mutation.ADD_F_5_True_2,14
Mutation.SWAP_IMPLIES_WITH_AND_2_True_2,14
Mutation.ADD_NEGATION_3_None_3,14
Mutation.REMOVE_RIGHT_SUBFORMULA_2_True_1,14
Mutation.SWAP_G_WITH_X_1_None_3,13
Mutation.REMOVE_LEFT_SUBFORMULA_3_None_2,13
Mutation.SWAP_IMPLIES_WITH_EQUIV_3_True_1,13
Mutation.ADD_NEGATION_4_None_1,13
Mutation.SWAP_AND_WITH_OR_4_False_2,13
Mutation.REMOVE_LEFT_SUBFORMULA_4_False_2,13
Mutation.ADD_X_2_True_3,13
Mutation.REMOVE_RIGHT_SUBFORMULA_3_False_2,13
Mutation.ADD_X_3_True_3,13
Mutation.ADD_G_6_True_2,13
Mutation.ADD_NEGATION_2_False_2,13
Mutation.ADD_NEGATION_3_True_2,12
Mutation.ADD_NEGATION_5_None_1,12
Mutation.ADD_NEGATION_4_True_1,12
Mutation.ADD_G_4_True_3,12
Mutation.SWAP_IMPLIES_WITH_EQUIV_2_True_2,12
Mutation.ADD_X_5_False_3,12
Mutation.ADD_G_5_True_2,12
Mutation.ADD_X_5_None_2,11
Mutation.REMOVE_RIGHT_SUBFORMULA_3_True_2,11
Mutation.SWAP_IMPLIES_WITH_OR_2_None_3,11
Mutation.REMOVE_G_1_False_3,11
Mutation.REMOVE_RIGHT_SUBFORMULA_4_False_2,11
Mutation.REMOVE_RIGHT_SUBFORMULA_3_None_1,11
Mutation.SWAP_IMPLIES_WITH_AND_3_True_1,11
Mutation.REMOVE_RIGHT_SUBFORMULA_2_True_2,11
Mutation.ADD_G_1_True_1,10
Mutation.ADD_NEGATION_4_None_3,10
Mutation.ADD_X_2_None_2,10
Mutation.ADD_X_4_True_3,10
Mutation.SWAP_G_WITH_F_2_None_2,10
Mutation.REMOVE_LEFT_SUBFORMULA_3_False_2,10
Mutation.REMOVE_LEFT_SUBFORMULA_4_True_1,10
Mutation.REMOVE_RIGHT_SUBFORMULA_4_True_1,10
Mutation.SWAP_AND_WITH_EQUIV_4_True_1,10
Mutation.SWAP_AND_WITH_OR_4_True_1,10
Mutation.SWAP_G_WITH_X_1_False_2,9
Mutation.SWAP_AND_WITH_EQUIV_4_False_2,9
Mutation.SWAP_AND_WITH_OR_3_None_2,9
Mutation.REMOVE_NEGATION_4_None_2,9
Mutation.SWAP_F_WITH_X_4_None_3,9
Mutation.SWAP_F_WITH_G_3_True_2,8
Mutation.SWAP_AND_WITH_IMPLIES_4_False_2,8
Mutation.SWAP_IMPLIES_WITH_OR_2_True_2,8
Mutation.ADD_X_3_False_2,8
Mutation.ADD_X_5_True_2,8
Mutation.SWAP_IMPLIES_WITH_EQUIV_2_True_3,8
Mutation.ADD_F_3_None_2,8
Mutation.ADD_F_4_True_1,8
Mutation.ADD_NEGATION_5_True_2,7
Mutation.ADD_NEGATION_1_False_1,7
Mutation.ADD_G_2_True_2,7
Mutation.ADD_F_1_False_3,7
Mutation.REMOVE_RIGHT_SUBFORMULA_1_True_2,7
Mutation.ADD_X_2_None_3,7
Mutation.SWAP_IMPLIES_WITH_EQUIV_3_None_2,7
Mutation.ADD_G_5_False_2,7
Mutation.ADD_NEGATION_5_False_2,7
Mutation.SWAP_AND_WITH_EQUIV_3_None_2,7
Mutation.SWAP_AND_WITH_IMPLIES_3_False_2,7
Mutation.SWAP_AND_WITH_EQUIV_3_False_2,7
Mutation.REMOVE_LEFT_SUBFORMULA_2_None_1,6
Mutation.SWAP_IMPLIES_WITH_OR_3_None_2,6
Mutation.REMOVE_RIGHT_SUBFORMULA_4_None_2,6
Mutation.REMOVE_RIGHT_SUBFORMULA_4_None_1,6
Mutation.ADD_X_3_True_2,6
Mutation.ADD_X_4_True_2,6
Mutation.ADD_X_3_False_4,6
Mutation.ADD_G_3_True_3,6
Mutation.SWAP_G_WITH_X_1_False_4,6
Mutation.REMOVE_LEFT_SUBFORMULA_1_True_2,6
Mutation.SWAP_IMPLIES_WITH_OR_1_True_2,6
Mutation.SWAP_IMPLIES_WITH_OR_3_None_1,6
Mutation.SWAP_IMPLIES_WITH_EQUIV_3_True_2,6
Mutation.SWAP_G_WITH_X_2_None_3,6
Mutation.REMOVE_LEFT_SUBFORMULA_5_False_2,6
Mutation.SWAP_AND_WITH_IMPLIES_3_None_2,6
Mutation.REMOVE_RIGHT_SUBFORMULA_4_False_3,6
Mutation.REMOVE_LEFT_SUBFORMULA_4_False_3,6
Mutation.SWAP_AND_WITH_OR_3_False_2,6
Mutation.SWAP_OR_WITH_AND_5_True_2,6
Mutation.REMOVE_RIGHT_SUBFORMULA_5_True_2,6
Mutation.REMOVE_LEFT_SUBFORMULA_5_True_2,6
Mutation.SWAP_IMPLIES_WITH_EQUIV_3_True_3,5
Mutation.REMOVE_G_1_False_2,5
Mutation.ADD_G_1_False_2,5
Mutation.ADD_NEGATION_3_None_1,5
Mutation.ADD_X_6_False_3,5
Mutation.SWAP_IMPLIES_WITH_EQUIV_2_None_3,5
Mutation.SWAP_X_WITH_F_3_False_2,5
Mutation.SWAP_G_WITH_X_2_True_4,5
Mutation.ADD_X_2_False_3,5
Mutation.ADD_G_3_True_1,5
Mutation.REMOVE_RIGHT_SUBFORMULA_5_False_2,5
Mutation.SWAP_AND_WITH_IMPLIES_4_True_1,5
Mutation.ADD_X_1_None_4,5
Mutation.ADD_NEGATION_2_False_3,5
Mutation.ADD_X_5_None_3,5
Mutation.ADD_NEGATION_3_None_4,5
Mutation.REMOVE_G_1_None_2,5
Mutation.REMOVE_RIGHT_SUBFORMULA_5_True_3,5
Mutation.ADD_F_6_True_3,5
Mutation.SWAP_X_WITH_G_3_True_2,5
Mutation.SWAP_APS_0_None_3,4
Mutation.SWAP_AND_WITH_IMPLIES_2_False_3,4
Mutation.SWAP_IMPLIES_WITH_AND_3_True_2,4
Mutation.REMOVE_RIGHT_SUBFORMULA_4_True_2,4
Mutation.REMOVE_NEGATION_4_None_3,4
Mutation.REMOVE_NEGATION_4_None_1,4
Mutation.SWAP_AND_WITH_EQUIV_2_False_2,4
Mutation.ADD_F_2_True_1,4
Mutation.REMOVE_LEFT_SUBFORMULA_3_False_3,4
Mutation.REMOVE_RIGHT_SUBFORMULA_2_False_1,4
Mutation.SWAP_IMPLIES_WITH_AND_1_True_2,4
Mutation.SWAP_IMPLIES_WITH_EQUIV_1_True_2,4
Mutation.ADD_X_3_None_4,4
Mutation.REMOVE_LEFT_SUBFORMULA_3_None_3,4
Mutation.ADD_X_4_None_4,4
Mutation.ADD_F_2_None_1,4
Mutation.REMOVE_X_3_None_2,4
Mutation.REMOVE_NEGATION_3_None_2,4
Mutation.REMOVE_RIGHT_SUBFORMULA_1_None_1,4
Mutation.ADD_G_5_False_3,4
Mutation.ADD_F_4_False_3,4
Mutation.SWAP_F_WITH_G_4_None_2,4
Mutation.SWAP_OR_WITH_IMPLIES_2_None_2,4
Mutation.SWAP_AND_WITH_EQUIV_1_False_2,4
Mutation.REMOVE_LEFT_SUBFORMULA_2_True_3,4
Mutation.REMOVE_LEFT_SUBFORMULA_1_False_2,4
Mutation.REMOVE_LEFT_SUBFORMULA_4_None_2,4
Mutation.ADD_NEGATION_6_None_2,4
Mutation.ADD_X_1_False_6,4
Mutation.ADD_F_3_False_3,4
Mutation.SWAP_AND_WITH_IMPLIES_1_False_2,4
Mutation.ADD_NEGATION_3_True_3,4
Mutation.ADD_NEGATION_4_True_3,4
Mutation.ADD_X_6_True_3,4
Mutation.ADD_F_6_None_3,4
Mutation.SWAP_AND_WITH_IMPLIES_4_False_3,4
Mutation.ADD_NEGATION_2_True_2,4
Mutation.ADD_NEGATION_8_None_2,4
Mutation.SWAP_AND_WITH_EQUIV_4_False_3,4
Mutation.SWAP_AND_WITH_OR_4_False_3,4
Mutation.SWAP_OR_WITH_AND_4_True_1,4
Mutation.REMOVE_LEFT_SUBFORMULA_2_False_3,3
Mutation.SWAP_AND_WITH_EQUIV_2_False_3,3
Mutation.REMOVE_LEFT_SUBFORMULA_4_True_2,3
Mutation.REMOVE_LEFT_SUBFORMULA_2_None_3,3
Mutation.REMOVE_LEFT_SUBFORMULA_4_None_1,3
Mutation.REMOVE_NEGATION_5_None_2,3
Mutation.REMOVE_LEFT_SUBFORMULA_2_False_2,3
Mutation.SWAP_AND_WITH_IMPLIES_2_False_2,3
Mutation.REMOVE_LEFT_SUBFORMULA_5_None_3,3
Mutation.SWAP_IMPLIES_WITH_AND_2_None_2,3
Mutation.REMOVE_LEFT_SUBFORMULA_1_None_1,3
Mutation.ADD_X_6_None_3,3
Mutation.ADD_X_7_False_3,3
Mutation.REMOVE_RIGHT_SUBFORMULA_4_None_3,3
Mutation.SWAP_OR_WITH_EQUIV_2_None_2,3
Mutation.SWAP_OR_WITH_IMPLIES_3_None_2,3
Mutation.SWAP_EQUIV_WITH_OR_2_None_2,3
Mutation.ADD_G_1_True_2,3
Mutation.SWAP_AND_WITH_IMPLIES_1_False_3,3
Mutation.SWAP_IMPLIES_WITH_AND_2_True_3,3
Mutation.SWAP_OR_WITH_AND_3_False_2,3
Mutation.SWAP_AND_WITH_EQUIV_5_False_2,3
Mutation.SWAP_AND_WITH_OR_5_False_2,3
Mutation.SWAP_AND_WITH_EQUIV_4_None_2,3
Mutation.SWAP_AND_WITH_OR_4_None_2,3
Mutation.ADD_NEGATION_1_False_5,3
Mutation.ADD_X_1_True_2,3
Mutation.ADD_NEGATION_1_True_3,3
Mutation.ADD_NEGATION_4_False_3,3
Mutation.SWAP_IMPLIES_WITH_EQUIV_2_None_4,3
Mutation.SWAP_F_WITH_X_3_True_2,3
Mutation.ADD_X_1_True_4,3
Mutation.ADD_X_1_False_5,3
Mutation.ADD_NEGATION_3_None_5,3
Mutation.REMOVE_LEFT_SUBFORMULA_3_True_3,3
Mutation.ADD_NEGATION_2_False_5,3
Mutation.SWAP_U_OPERANDS_3_True_2,3
Mutation.ADD_F_5_False_3,3
Mutation.ADD_F_6_False_2,3
Mutation.SWAP_F_WITH_X_2_True_3,3
Mutation.SWAP_IMPLIES_WITH_EQUIV_2_None_5,3
Mutation.SWAP_OR_WITH_IMPLIES_4_None_2,3
Mutation.SWAP_OR_WITH_EQUIV_4_None_2,3
Mutation.SWAP_AND_WITH_OR_3_True_2,3
Mutation.SWAP_OR_WITH_AND_5_False_2,3
Mutation.SWAP_AND_WITH_OR_2_False_3,2
Mutation.SWAP_IMPLIES_WITH_OR_3_False_2,2
Mutation.SWAP_F_WITH_G_1_None_2,2
Mutation.SWAP_F_WITH_X_1_None_3,2
Mutation.SWAP_F_WITH_G_4_False_2,2
Mutation.REMOVE_X_4_None_2,2
Mutation.REMOVE_RIGHT_SUBFORMULA_5_None_3,2
Mutation.SWAP_AND_WITH_OR_3_False_3,2
Mutation.SWAP_X_WITH_G_4_True_2,2
Mutation.REMOVE_RIGHT_SUBFORMULA_1_None_2,2
Mutation.SWAP_G_WITH_F_1_None_1,2
Mutation.SWAP_IMPLIES_WITH_OR_2_True_1,2
Mutation.SWAP_OR_WITH_EQUIV_5_None_3,2
Mutation.ADD_X_5_None_4,2
Mutation.REMOVE_NEGATION_3_False_1,2
Mutation.ADD_F_3_True_3,2
Mutation.ADD_F_2_True_2,2
Mutation.SWAP_U_OPERANDS_4_False_3,2
Mutation.ADD_X_5_True_3,2
Mutation.ADD_F_3_True_1,2
Mutation.SWAP_G_WITH_F_3_None_2,2
Mutation.SWAP_OR_WITH_IMPLIES_2_None_1,2
Mutation.SWAP_OR_WITH_EQUIV_2_None_1,2
Mutation.SWAP_OR_WITH_AND_2_None_2,2
Mutation.REMOVE_RIGHT_SUBFORMULA_3_False_1,2
Mutation.SWAP_OR_WITH_EQUIV_1_True_2,2
Mutation.SWAP_AND_WITH_EQUIV_3_True_2,2
Mutation.SWAP_EQUIV_WITH_IMPLIES_2_False_2,2
Mutation.SWAP_AND_WITH_OR_1_None_2,2
Mutation.SWAP_OR_WITH_EQUIV_3_None_2,2
Mutation.SWAP_G_WITH_F_3_False_2,2
Mutation.SWAP_F_WITH_X_3_None_2,2
Mutation.SWAP_G_WITH_F_3_None_1,2
Mutation.SWAP_AND_WITH_IMPLIES_5_False_2,2
Mutation.SWAP_AND_WITH_IMPLIES_4_None_2,2
Mutation.ADD_NEGATION_1_True_6,2
Mutation.ADD_F_1_True_4,2
Mutation.ADD_F_1_False_4,2
Mutation.REMOVE_G_1_None_5,2
Mutation.ADD_F_2_None_4,2
Mutation.REMOVE_LEFT_SUBFORMULA_2_None_4,2
Mutation.SWAP_EQUIV_WITH_IMPLIES_2_True_1,2
Mutation.ADD_X_3_None_5,2
Mutation.ADD_G_3_None_4,2
Mutation.ADD_X_3_None_6,2
Mutation.ADD_F_3_None_3,2
Mutation.REMOVE_X_3_None_4,2
Mutation.SWAP_APS_0_False_3,2
Mutation.ADD_X_5_True_4,2
Mutation.SWAP_U_WITH_W_2_False_2,2
Mutation.SWAP_AND_WITH_OR_1_False_2,2
Mutation.REMOVE_RIGHT_SUBFORMULA_2_False_3,2
Mutation.ADD_NEGATION_1_False_4,2
Mutation.SWAP_G_WITH_X_1_None_4,2
Mutation.ADD_NEGATION_5_True_1,2
Mutation.ADD_F_2_False_10,2
Mutation.REMOVE_LEFT_SUBFORMULA_3_None_7,2
Mutation.ADD_F_4_False_9,2
Mutation.ADD_G_4_False_10,2
Mutation.SWAP_X_WITH_F_4_False_8,2
Mutation.SWAP_IMPLIES_WITH_OR_2_False_3,2
Mutation.ADD_NEGATION_4_None_4,2
Mutation.SWAP_APS_0_True_3,2
Mutation.REMOVE_LEFT_SUBFORMULA_6_None_2,2
Mutation.ADD_G_4_True_4,2
Mutation.SWAP_OR_WITH_IMPLIES_5_False_2,2
Mutation.ADD_G_7_True_4,2
Mutation.ADD_F_8_True_4,2
Mutation.ADD_G_8_True_4,2
Mutation.REMOVE_RIGHT_SUBFORMULA_1_False_2,2
Mutation.ADD_NEGATION_5_True_3,2
Mutation.ADD_NEGATION_3_False_3,2
Mutation.SWAP_G_WITH_F_1_None_3,2
Mutation.SWAP_G_WITH_F_4_False_2,2
Mutation.ADD_NEGATION_6_None_3,2
Mutation.ADD_F_5_True_3,2
Mutation.ADD_NEGATION_7_None_2,2
Mutation.SWAP_OR_WITH_IMPLIES_4_None_3,2
Mutation.ADD_G_2_True_3,2
Mutation.ADD_X_7_True_6,2
Mutation.ADD_X_4_False_5,2
Mutation.SWAP_G_WITH_F_1_False_4,2
Mutation.SWAP_X_WITH_G_4_False_2,2
Mutation.ADD_G_2_False_2,2
Mutation.SWAP_AND_WITH_EQUIV_3_None_3,2
Mutation.SWAP_U_WITH_W_3_False_2,2
Mutation.SWAP_G_WITH_F_1_False_3,2
Mutation.REMOVE_RIGHT_SUBFORMULA_3_None_3,2
Mutation.SWAP_IMPLIES_WITH_OR_2_None_5,2
Mutation.SWAP_F_WITH_G_4_True_2,2
Mutation.ADD_F_4_None_3,2
Mutation.REMOVE_NEGATION_3_False_2,2
Mutation.SWAP_OR_WITH_AND_4_False_2,2
Mutation.REMOVE_F_3_True_2,2
Mutation.REMOVE_X_4_False_3,2
Mutation.SWAP_X_WITH_G_4_False_3,2
Mutation.REMOVE_X_5_False_3,2
Mutation.SWAP_OR_WITH_AND_5_False_3,2
Mutation.SWAP_IMPLIES_WITH_AND_5_None_2,2
Mutation.SWAP_F_WITH_G_2_None_2,1
Mutation.SWAP_F_WITH_X_2_True_2,1
Mutation.SWAP_F_WITH_X_2_None_3,1
Mutation.SWAP_AND_WITH_OR_2_None_1,1
Mutation.ADD_F_3_None_1,1
Mutation.SWAP_IMPLIES_WITH_AND_3_None_2,1
Mutation.REMOVE_LEFT_SUBFORMULA_4_None_3,1
Mutation.SWAP_AND_WITH_EQUIV_4_True_2,1
Mutation.SWAP_AND_WITH_OR_4_True_2,1
Mutation.ADD_NEGATION_5_None_3,1
Mutation.REMOVE_X_5_None_2,1
Mutation.SWAP_AND_WITH_IMPLIES_4_True_2,1
Mutation.SWAP_F_WITH_G_4_True_3,1
Mutation.SWAP_IMPLIES_WITH_OR_2_None_1,1
Mutation.REMOVE_G_1_True_2,1
Mutation.SWAP_G_WITH_X_3_None_3,1
Mutation.ADD_G_5_None_2,1
Mutation.SWAP_U_WITH_W_3_False_3,1
Mutation.ADD_G_4_None_3,1
Mutation.SWAP_AND_WITH_OR_2_False_2,1
Mutation.SWAP_AND_WITH_IMPLIES_3_False_3,1
Mutation.REMOVE_X_4_None_1,1
Mutation.REMOVE_LEFT_SUBFORMULA_1_None_2,1
Mutation.ADD_X_2_False_2,1
Mutation.SWAP_AND_WITH_OR_2_False_1,1
Mutation.REMOVE_RIGHT_SUBFORMULA_2_False_2,1
Mutation.SWAP_G_WITH_X_1_True_3,1
Mutation.SWAP_IMPLIES_WITH_OR_3_None_3,1
Mutation.SWAP_OR_WITH_AND_5_True_3,1
Mutation.SWAP_U_OPERANDS_6_True_2,1
Mutation.REMOVE_NEGATION_7_None_4,1
Mutation.ADD_X_7_None_4,1
Mutation.SWAP_G_WITH_F_2_True_3,1
Mutation.REMOVE_LEFT_SUBFORMULA_1_True_1,1
Mutation.REMOVE_RIGHT_SUBFORMULA_4_False_4,1
Mutation.SWAP_G_WITH_X_2_False_2,1
Mutation.REMOVE_LEFT_SUBFORMULA_3_None_1,1
Mutation.ADD_NEGATION_4_False_1,1
Mutation.REMOVE_NEGATION_3_None_1,1
Mutation.ADD_G_4_True_1,1
Mutation.SWAP_EQUIV_WITH_AND_2_True_1,1
Mutation.REMOVE_LEFT_SUBFORMULA_1_False_3,1
Mutation.SWAP_AND_WITH_IMPLIES_1_None_2,1
Mutation.SWAP_OR_WITH_AND_3_True_1,1
Mutation.SWAP_OR_WITH_AND_3_None_2,1
Mutation.SWAP_IMPLIES_WITH_EQUIV_4_True_1,1
Mutation.REMOVE_LEFT_SUBFORMULA_2_False_1,1
Mutation.ADD_F_4_None_2,1
Mutation.REMOVE_NEGATION_4_False_1,1
Mutation.REMOVE_RIGHT_SUBFORMULA_5_None_1,1
Mutation.REMOVE_LEFT_SUBFORMULA_5_None_1,1
Mutation.ADD_X_1_None_7,1
Mutation.SWAP_G_WITH_F_1_None_5,1
Mutation.SWAP_G_WITH_X_1_None_6,1
Mutation.SWAP_G_WITH_X_1_False_6,1
Mutation.REMOVE_G_1_False_5,1
Mutation.REMOVE_LEFT_SUBFORMULA_2_None_5,1
Mutation.ADD_X_3_False_5,1
Mutation.REMOVE_X_3_False_4,1
Mutation.REMOVE_NEGATION_4_False_4,1
Mutation.SWAP_AND_WITH_OR_4_None_3,1
Mutation.REMOVE_NEGATION_5_False_3,1
Mutation.ADD_NEGATION_2_False_4,1
Mutation.ADD_X_5_False_1,1
Mutation.SWAP_AND_WITH_EQUIV_3_False_3,1
Mutation.REMOVE_RIGHT_SUBFORMULA_6_None_4,1
Mutation.SWAP_OR_WITH_AND_2_True_2,1
Mutation.REMOVE_X_4_True_1,1
Mutation.SWAP_OR_WITH_IMPLIES_3_True_2,1
Mutation.SWAP_OR_WITH_EQUIV_3_None_3,1
Mutation.ADD_NEGATION_6_True_2,1
Mutation.REMOVE_G_1_None_3,1
Mutation.REMOVE_X_3_True_3,1
Mutation.SWAP_F_WITH_X_4_True_3,1
Mutation.ADD_NEGATION_1_False_10,1
Mutation.ADD_X_1_False_11,1
Mutation.ADD_F_1_False_9,1
Mutation.SWAP_OR_WITH_IMPLIES_1_True_2,1
Mutation.ADD_X_2_False_10,1
Mutation.SWAP_G_WITH_X_2_False_8,1
Mutation.REMOVE_RIGHT_SUBFORMULA_4_False_10,1
Mutation.REMOVE_LEFT_SUBFORMULA_4_False_10,1
Mutation.SWAP_AND_WITH_IMPLIES_4_False_10,1
Mutation.SWAP_AND_WITH_EQUIV_4_False_10,1
Mutation.SWAP_AND_WITH_OR_4_False_10,1
Mutation.SWAP_X_WITH_G_4_None_9,1
Mutation.REMOVE_RIGHT_SUBFORMULA_9_False_10,1
Mutation.REMOVE_LEFT_SUBFORMULA_9_False_10,1
Mutation.SWAP_AND_WITH_IMPLIES_9_False_10,1
Mutation.SWAP_AND_WITH_EQUIV_9_False_10,1
Mutation.SWAP_AND_WITH_OR_9_False_10,1
Mutation.SWAP_G_WITH_X_2_False_7,1
Mutation.ADD_F_3_False_7,1
Mutation.SWAP_AND_WITH_OR_3_None_1,1
Mutation.SWAP_AND_WITH_IMPLIES_3_True_3,1
Mutation.ADD_F_1_True_3,1
Mutation.ADD_NEGATION_2_None_2,1
Mutation.ADD_F_2_False_3,1
Mutation.ADD_G_6_True_3,1
Mutation.ADD_G_7_True_3,1
Mutation.ADD_X_7_True_3,1
Mutation.REMOVE_RIGHT_SUBFORMULA_6_True_3,1
Mutation.REMOVE_LEFT_SUBFORMULA_6_True_3,1
Mutation.ADD_F_6_True_4,1
Mutation.ADD_NEGATION_6_True_3,1
Mutation.ADD_X_9_True_3,1
Mutation.ADD_F_9_True_4,1
Mutation.ADD_F_8_True_3,1
Mutation.ADD_G_8_True_3,1
Mutation.SWAP_EQUIV_WITH_OR_5_True_3,1
Mutation.SWAP_AND_WITH_EQUIV_1_False_3,1
Mutation.SWAP_G_WITH_X_4_False_3,1
Mutation.REMOVE_RIGHT_SUBFORMULA_3_True_3,1
Mutation.SWAP_AND_WITH_EQUIV_5_None_2,1
Mutation.SWAP_AND_WITH_OR_3_False_4,1
Mutation.REMOVE_NEGATION_4_False_3,1
Mutation.REMOVE_X_5_True_3,1
Mutation.SWAP_X_WITH_F_5_True_2,1
Mutation.REMOVE_RIGHT_SUBFORMULA_1_False_3,1
Mutation.SWAP_AND_WITH_IMPLIES_1_False_5,1
Mutation.SWAP_AND_WITH_EQUIV_1_False_4,1
Mutation.SWAP_AND_WITH_OR_1_False_5,1
Mutation.ADD_X_2_False_4,1
Mutation.REMOVE_LEFT_SUBFORMULA_6_False_3,1
Mutation.REMOVE_NEGATION_6_None_3,1
Mutation.SWAP_F_WITH_G_3_None_3,1
Mutation.REMOVE_RIGHT_SUBFORMULA_2_None_3,1
Mutation.REMOVE_NEGATION_4_True_2,1
Mutation.ADD_G_4_None_2,1
Mutation.SWAP_AND_WITH_EQUIV_4_True_3,1
Mutation.SWAP_AND_WITH_OR_4_True_3,1
Mutation.REMOVE_NEGATION_5_True_3,1
Mutation.ADD_NEGATION_5_False_3,1
Mutation.REMOVE_F_1_None_2,1
Mutation.REMOVE_NEGATION_2_False_3,1
Mutation.ADD_X_2_None_4,1
Mutation.SWAP_U_OPERANDS_2_True_2,1
Mutation.SWAP_F_WITH_G_3_False_1,1
Mutation.SWAP_U_WITH_W_1_False_2,1
Mutation.SWAP_U_OPERANDS_1_False_1,1
Mutation.SWAP_F_WITH_G_2_False_1,1
Mutation.SWAP_AND_WITH_EQUIV_3_False_1,1
Mutation.SWAP_AND_WITH_OR_3_False_1,1
Mutation.ADD_X_3_False_6,1
Mutation.SWAP_IMPLIES_WITH_AND_3_True_3,1
Mutation.REMOVE_F_6_True_2,1
Mutation.SWAP_F_WITH_G_3_True_3,1
Mutation.SWAP_F_WITH_X_3_True_4,1
Mutation.ADD_G_2_False_1,1
Mutation.REMOVE_NEGATION_2_None_3,1
Mutation.SWAP_U_OPERANDS_4_False_2,1
Mutation.SWAP_OR_WITH_IMPLIES_1_True_3,1
Mutation.SWAP_G_WITH_X_2_False_3,1
Mutation.SWAP_G_WITH_X_1_None_8,1
Mutation.ADD_F_2_None_6,1
Mutation.REMOVE_LEFT_SUBFORMULA_2_None_6,1
Mutation.SWAP_AND_WITH_IMPLIES_3_False_4,1
Mutation.SWAP_AND_WITH_EQUIV_3_False_4,1
Mutation.REMOVE_RIGHT_SUBFORMULA_6_True_5,1
Mutation.REMOVE_LEFT_SUBFORMULA_6_True_5,1
Mutation.ADD_G_1_False_4,1
Mutation.ADD_X_7_False_5,1
Mutation.ADD_NEGATION_1_True_4,1
Mutation.REMOVE_RIGHT_SUBFORMULA_3_False_3,1
Mutation.REMOVE_F_3_True_1,1
Mutation.ADD_X_4_False_4,1
Mutation.SWAP_G_WITH_X_4_False_2,1
Mutation.REMOVE_LEFT_SUBFORMULA_5_False_4,1
Mutation.SWAP_AND_WITH_IMPLIES_5_False_4,1
Mutation.REMOVE_NEGATION_5_False_2,1
Mutation.SWAP_OR_WITH_IMPLIES_6_False_2,1
Mutation.SWAP_OR_WITH_EQUIV_6_False_2,1
Mutation.ADD_NEGATION_7_False_2,1
Mutation.SWAP_IMPLIES_WITH_EQUIV_1_False_3,1
Mutation.SWAP_F_WITH_G_2_None_1,1
Mutation.SWAP_U_WITH_W_2_True_3,1
Mutation.SWAP_U_WITH_W_2_True_2,1
Mutation.REMOVE_G_3_True_3,1
Mutation.SWAP_U_WITH_W_3_True_2,1
Mutation.REMOVE_G_4_False_1,1
Mutation.SWAP_AND_WITH_IMPLIES_3_None_3,1
Mutation.SWAP_AND_WITH_OR_3_None_3,1
Mutation.ADD_F_3_None_4,1
Mutation.SWAP_U_WITH_W_4_False_2,1
Mutation.REMOVE_RIGHT_SUBFORMULA_2_None_5,1
Mutation.SWAP_IMPLIES_WITH_AND_2_True_4,1
Mutation.SWAP_IMPLIES_WITH_EQUIV_2_True_5,1
Mutation.SWAP_X_WITH_G_3_False_3,1
Mutation.ADD_G_3_True_5,1
Mutation.ADD_G_4_True_5,1
Mutation.SWAP_AND_WITH_EQUIV_4_False_5,1
Mutation.SWAP_F_WITH_X_5_None_3,1
Mutation.SWAP_F_WITH_X_4_True_2,1
Mutation.SWAP_U_WITH_W_4_True_2,1
Mutation.ADD_NEGATION_5_False_1,1
Mutation.SWAP_X_WITH_F_3_False_3,1
Mutation.ADD_F_1_False_5,1
Mutation.SWAP_AND_WITH_IMPLIES_7_False_2,1
Mutation.ADD_X_8_False_2,1
Mutation.ADD_G_6_False_3,1
Mutation.REMOVE_X_3_None_3,1
Mutation.ADD_G_5_False_4,1
Mutation.ADD_F_4_False_4,1
Mutation.ADD_G_4_False_4,1
Mutation.SWAP_U_OPERANDS_4_False_4,1
Mutation.ADD_F_5_False_4,1
Mutation.ADD_X_5_False_5,1
Mutation.REMOVE_RIGHT_SUBFORMULA_5_True_1,1
Mutation.REMOVE_LEFT_SUBFORMULA_5_True_1,1
Mutation.SWAP_OR_WITH_IMPLIES_5_None_2,1
Mutation.SWAP_OR_WITH_EQUIV_5_None_1,1
Mutation.SWAP_OR_WITH_EQUIV_5_None_2,1
Mutation.SWAP_OR_WITH_IMPLIES_5_None_3,1
Mutation.REMOVE_NEGATION_3_True_2,1
Mutation.REMOVE_LEFT_SUBFORMULA_5_True_3,1
Mutation.ADD_X_6_True_4,1
Mutation.ADD_G_6_True_4,1
Mutation.SWAP_G_WITH_X_3_False_2,1
Mutation.SWAP_OR_WITH_AND_4_None_2,1
Mutation.REMOVE_G_1_True_3,1
Mutation.SWAP_OR_WITH_AND_6_False_3,1
Mutation.SWAP_G_WITH_X_2_False_4,1
Mutation.REMOVE_RIGHT_SUBFORMULA_2_True_3,1
Mutation.REMOVE_RIGHT_SUBFORMULA_6_True_2,1
Mutation.REMOVE_LEFT_SUBFORMULA_6_True_2,1
Mutation.SWAP_AND_WITH_IMPLIES_5_True_1,1
Mutation.SWAP_AND_WITH_EQUIV_5_True_1,1
Mutation.SWAP_AND_WITH_OR_5_True_1,1
Mutation.SWAP_OR_WITH_AND_5_None_1,1
Mutation.SWAP_AND_WITH_IMPLIES_3_True_2,1
Mutation.SWAP_OR_WITH_AND_4_False_3,1
Mutation.REMOVE_NEGATION_7_None_2,1
Mutation.REMOVE_RIGHT_SUBFORMULA_5_False_3,1
Mutation.REMOVE_LEFT_SUBFORMULA_5_False_3,1
Mutation.REMOVE_LEFT_SUBFORMULA_2_True_5,1
Mutation.SWAP_IMPLIES_WITH_AND_2_True_5,1
Mutation.ADD_G_3_True_6,1
Mutation.SWAP_OR_WITH_AND_4_True_2,1
Mutation.SWAP_OR_WITH_EQUIV_5_False_2,1
Mutation.ADD_NEGATION_6_False_2,1
Mutation.SWAP_X_WITH_G_5_True_3,1
Mutation.ADD_F_2_True_3,0
Mutation.SWAP_IMPLIES_WITH_OR_3_False_4,0
Mutation.SWAP_AND_WITH_IMPLIES_4_True_4,0
Mutation.REMOVE_X_5_True_2,0
Mutation.REMOVE_X_5_None_3,0
Mutation.SWAP_IMPLIES_WITH_EQUIV_3_None_3,0
Mutation.SWAP_AND_WITH_IMPLIES_4_None_1,0
Mutation.SWAP_AND_WITH_OR_4_None_1,0
Mutation.SWAP_F_WITH_G_5_None_2,0
Mutation.ADD_NEGATION_6_None_1,0
Mutation.ADD_G_6_None_2,0
Mutation.ADD_F_2_None_2,0
Mutation.SWAP_IMPLIES_WITH_AND_2_None_1,0
Mutation.SWAP_F_WITH_G_4_None_1,0
Mutation.SWAP_AND_WITH_EQUIV_4_None_1,0
Mutation.SWAP_IMPLIES_WITH_OR_3_False_1,0
Mutation.REMOVE_NEGATION_4_False_2,0
Mutation.SWAP_AND_WITH_IMPLIES_2_None_2,0
Mutation.SWAP_AND_WITH_EQUIV_2_None_2,0
Mutation.SWAP_AND_WITH_OR_2_None_2,0
Mutation.SWAP_IMPLIES_WITH_OR_1_None_2,0
Mutation.SWAP_AND_WITH_IMPLIES_2_None_1,0
Mutation.SWAP_AND_WITH_EQUIV_2_None_1,0
Mutation.ADD_X_6_False_4,0
Mutation.REMOVE_NEGATION_7_True_3,0
Mutation.ADD_F_6_False_3,0
Mutation.SWAP_APS_0_False_1,0
Mutation.REMOVE_RIGHT_SUBFORMULA_1_True_1,0
Mutation.SWAP_IMPLIES_WITH_OR_1_True_3,0
Mutation.SWAP_IMPLIES_WITH_EQUIV_1_True_3,0
Mutation.SWAP_G_WITH_F_2_True_2,0
Mutation.SWAP_G_WITH_X_2_True_3,0
Mutation.SWAP_G_WITH_F_3_True_3,0
Mutation.SWAP_G_WITH_X_3_True_4,0
Mutation.SWAP_F_WITH_X_4_True_4,0
Mutation.ADD_G_5_True_3,0
Mutation.SWAP_IMPLIES_WITH_AND_1_True_1,0
Mutation.SWAP_IMPLIES_WITH_AND_1_None_2,0
Mutation.REMOVE_RIGHT_SUBFORMULA_4_True_3,0
Mutation.SWAP_U_OPERANDS_3_True_1,0
Mutation.SWAP_G_WITH_F_2_False_1,0
Mutation.SWAP_G_WITH_F_3_True_2,0
Mutation.SWAP_G_WITH_X_3_True_3,0
Mutation.SWAP_OR_WITH_AND_2_True_1,0
Mutation.SWAP_IMPLIES_WITH_AND_3_None_1,0
Mutation.SWAP_IMPLIES_WITH_AND_3_False_2,0
Mutation.SWAP_IMPLIES_WITH_EQUIV_3_None_1,0
Mutation.SWAP_IMPLIES_WITH_EQUIV_3_False_2,0
Mutation.SWAP_OR_WITH_IMPLIES_3_None_1,0
Mutation.SWAP_OR_WITH_AND_1_None_1,0
Mutation.SWAP_EQUIV_WITH_AND_2_None_2,0
Mutation.SWAP_EQUIV_WITH_OR_2_None_1,0
Mutation.SWAP_EQUIV_WITH_IMPLIES_2_None_1,0
Mutation.SWAP_AND_WITH_OR_1_False_3,0
Mutation.SWAP_OR_WITH_EQUIV_3_None_1,0
Mutation.SWAP_OR_WITH_AND_3_None_1,0
Mutation.REMOVE_NEGATION_5_None_1,0
Mutation.SWAP_AND_WITH_IMPLIES_1_None_1,0
Mutation.SWAP_IMPLIES_WITH_AND_4_True_1,0
Mutation.SWAP_IMPLIES_WITH_AND_4_None_2,0
Mutation.SWAP_IMPLIES_WITH_OR_4_None_1,0
Mutation.SWAP_IMPLIES_WITH_OR_4_None_2,0
Mutation.SWAP_IMPLIES_WITH_EQUIV_4_None_2,0
Mutation.SWAP_F_WITH_G_1_True_1,0
Mutation.SWAP_AND_WITH_IMPLIES_2_False_1,0
Mutation.SWAP_IMPLIES_WITH_OR_3_True_2,0
Mutation.SWAP_AND_WITH_IMPLIES_5_None_1,0
Mutation.SWAP_AND_WITH_EQUIV_5_None_1,0
Mutation.SWAP_AND_WITH_OR_5_None_1,0
Mutation.SWAP_G_WITH_F_1_False_9,0
Mutation.ADD_F_2_False_9,0
Mutation.ADD_X_3_False_8,0
Mutation.REMOVE_NEGATION_5_None_3,0
Mutation.SWAP_AND_WITH_EQUIV_3_True_3,0
Mutation.ADD_G_1_None_1,0
Mutation.ADD_X_2_True_4,0
Mutation.SWAP_G_WITH_F_2_None_3,0
Mutation.ADD_X_1_False_2,0
Mutation.ADD_NEGATION_2_None_1,0
Mutation.SWAP_F_WITH_G_2_True_1,0
Mutation.SWAP_F_WITH_X_2_None_2,0
Mutation.REMOVE_NEGATION_6_None_2,0
Mutation.REMOVE_LEFT_SUBFORMULA_1_False_1,0
Mutation.SWAP_AND_WITH_IMPLIES_1_False_1,0
Mutation.SWAP_G_WITH_F_2_False_2,0
Mutation.ADD_G_3_None_2,0
Mutation.ADD_X_5_False_4,0
Mutation.SWAP_IMPLIES_WITH_OR_1_True_1,0
Mutation.SWAP_F_WITH_G_2_True_2,0
Mutation.REMOVE_LEFT_SUBFORMULA_4_False_5,0
Mutation.REMOVE_RIGHT_SUBFORMULA_6_False_3,0
Mutation.REMOVE_X_7_False_4,0
Mutation.SWAP_F_WITH_X_1_True_2,0
Mutation.SWAP_IMPLIES_WITH_OR_3_True_1,0
Mutation.REMOVE_NEGATION_5_True_1,0
Mutation.SWAP_OR_WITH_EQUIV_2_True_3,0
Mutation.SWAP_U_OPERANDS_5_True_2,0
Mutation.ADD_X_6_None_4,0
Mutation.ADD_F_1_None_1,0
Mutation.SWAP_F_WITH_G_4_None_3,0
Mutation.SWAP_APS_0_None_10,0
Mutation.REMOVE_RIGHT_SUBFORMULA_1_None_7,0
Mutation.REMOVE_LEFT_SUBFORMULA_1_None_5,0
Mutation.SWAP_OR_WITH_IMPLIES_1_True_10,0
Mutation.SWAP_OR_WITH_AND_1_True_12,0
Mutation.ADD_X_2_True_2,0
Mutation.SWAP_G_WITH_F_2_False_5,0
Mutation.REMOVE_G_2_False_7,0
Mutation.ADD_F_3_False_5,0
Mutation.REMOVE_RIGHT_SUBFORMULA_3_None_5,0
Mutation.SWAP_OR_WITH_IMPLIES_3_None_10,0
Mutation.SWAP_OR_WITH_EQUIV_3_None_10,0
Mutation.ADD_X_4_None_9,0
Mutation.ADD_NEGATION_5_None_10,0
Mutation.ADD_X_4_None_11,0
Mutation.ADD_NEGATION_10_None_10,0
Mutation.ADD_NEGATION_2_True_7,0
Mutation.SWAP_G_WITH_F_2_False_7,0
Mutation.ADD_NEGATION_3_None_7,0
Mutation.REMOVE_RIGHT_SUBFORMULA_3_None_7,0
Mutation.SWAP_U_WITH_W_2_None_1,0
Mutation.ADD_G_3_False_1,0
Mutation.SWAP_AND_WITH_IMPLIES_3_None_1,0
Mutation.SWAP_AND_WITH_EQUIV_3_None_1,0
Mutation.SWAP_U_WITH_W_4_None_1,0
Mutation.SWAP_U_OPERANDS_4_True_2,0
Mutation.SWAP_IMPLIES_WITH_OR_2_None_4,0
Mutation.REMOVE_RIGHT_SUBFORMULA_3_None_4,0
Mutation.REMOVE_LEFT_SUBFORMULA_3_None_4,0
Mutation.SWAP_AND_WITH_OR_3_True_3,0
Mutation.SWAP_AND_WITH_OR_1_False_7,0
Mutation.REMOVE_RIGHT_SUBFORMULA_5_None_2,0
Mutation.REMOVE_RIGHT_SUBFORMULA_6_False_1,0
Mutation.REMOVE_RIGHT_SUBFORMULA_6_None_2,0
Mutation.SWAP_EQUIV_WITH_AND_6_False_2,0
Mutation.SWAP_EQUIV_WITH_OR_6_None_2,0
Mutation.ADD_X_7_None_3,0
Mutation.ADD_G_7_False_2,0
Mutation.SWAP_EQUIV_WITH_IMPLIES_6_None_2,0
Mutation.ADD_G_9_True_4,0
Mutation.REMOVE_F_4_None_2,0
Mutation.SWAP_U_OPERANDS_3_True_3,0
Mutation.ADD_X_4_True_4,0
Mutation.ADD_G_1_False_3,0
Mutation.SWAP_AND_WITH_OR_1_None_1,0
Mutation.SWAP_G_WITH_F_3_False_3,0
Mutation.SWAP_G_WITH_F_4_None_1,0
Mutation.SWAP_AND_WITH_EQUIV_1_True_3,0
Mutation.SWAP_G_WITH_F_2_False_3,0
Mutation.REMOVE_LEFT_SUBFORMULA_1_None_3,0
Mutation.SWAP_IMPLIES_WITH_AND_1_True_3,0
Mutation.SWAP_G_WITH_X_2_None_4,0
Mutation.REMOVE_G_2_True_3,0
Mutation.REMOVE_NEGATION_3_True_3,0
Mutation.SWAP_AND_WITH_IMPLIES_2_False_4,0
Mutation.SWAP_AND_WITH_EQUIV_2_True_3,0
Mutation.SWAP_AND_WITH_EQUIV_2_False_4,0
Mutation.SWAP_AND_WITH_OR_2_False_5,0
Mutation.ADD_F_5_None_2,0
Mutation.SWAP_AND_WITH_IMPLIES_5_None_2,0
Mutation.SWAP_AND_WITH_IMPLIES_6_False_3,0
Mutation.ADD_NEGATION_3_False_5,0
Mutation.SWAP_AND_WITH_OR_5_None_3,0
Mutation.ADD_G_6_False_2,0
Mutation.ADD_F_5_False_2,0
Mutation.SWAP_X_WITH_F_4_False_2,0
Mutation.ADD_G_3_None_3,0
Mutation.ADD_NEGATION_2_False_1,0
Mutation.SWAP_U_OPERANDS_2_True_1,0
Mutation.REMOVE_NEGATION_3_True_1,0
Mutation.SWAP_AND_WITH_EQUIV_2_None_3,0
Mutation.REMOVE_NEGATION_2_None_2,0
Mutation.REMOVE_X_2_None_2,0
Mutation.REMOVE_F_3_None_2,0
Mutation.SWAP_U_OPERANDS_1_None_2,0
Mutation.SWAP_AND_WITH_IMPLIES_3_False_1,0
Mutation.SWAP_EQUIV_WITH_AND_2_None_1,0
Mutation.SWAP_OR_WITH_IMPLIES_1_None_2,0
Mutation.SWAP_OR_WITH_AND_1_None_2,0
Mutation.SWAP_AND_WITH_EQUIV_2_False_1,0
Mutation.SWAP_G_WITH_X_4_None_4,0
Mutation.SWAP_IMPLIES_WITH_OR_2_False_2,0
Mutation.REMOVE_NEGATION_5_True_2,0
Mutation.REMOVE_LEFT_SUBFORMULA_5_None_2,0
Mutation.SWAP_AND_WITH_OR_5_None_2,0
Mutation.REMOVE_LEFT_SUBFORMULA_4_False_4,0
Mutation.ADD_X_3_False_1,0
Mutation.ADD_NEGATION_6_None_4,0
Mutation.SWAP_OR_WITH_EQUIV_2_True_2,0
Mutation.ADD_NEGATION_2_True_1,0
Mutation.SWAP_G_WITH_F_1_None_7,0
Mutation.REMOVE_LEFT_SUBFORMULA_2_False_7,0
Mutation.SWAP_AND_WITH_IMPLIES_2_False_7,0
Mutation.SWAP_AND_WITH_EQUIV_2_False_10,0
Mutation.SWAP_AND_WITH_EQUIV_2_False_7,0
Mutation.SWAP_AND_WITH_OR_2_False_7,0
Mutation.REMOVE_F_2_True_3,0
Mutation.REMOVE_X_4_None_3,0
Mutation.REMOVE_LEFT_SUBFORMULA_6_None_4,0
Mutation.ADD_NEGATION_7_None_4,0
Mutation.ADD_NEGATION_9_None_4,0
Mutation.ADD_X_1_True_5,0
Mutation.SWAP_F_WITH_G_1_True_3,0
Mutation.SWAP_F_WITH_G_1_None_4,0
Mutation.SWAP_F_WITH_X_1_None_5,0
Mutation.REMOVE_X_2_None_3,0
Mutation.REMOVE_X_2_False_2,0
Mutation.SWAP_G_WITH_X_1_False_5,0
Mutation.SWAP_OR_WITH_IMPLIES_3_None_3,0
Mutation.SWAP_OR_WITH_AND_3_False_3,0
Mutation.REMOVE_NEGATION_3_None_3,0
Mutation.SWAP_X_WITH_F_4_True_2,0
Mutation.SWAP_F_WITH_G_3_None_1,0
Mutation.SWAP_F_WITH_G_5_True_3,0
Mutation.SWAP_F_WITH_X_5_True_4,0
Mutation.ADD_NEGATION_3_False_4,0
Mutation.SWAP_AND_WITH_EQUIV_5_False_4,0
Mutation.SWAP_AND_WITH_OR_5_False_4,0
Mutation.REMOVE_RIGHT_SUBFORMULA_1_False_1,0
Mutation.REMOVE_RIGHT_SUBFORMULA_6_False_2,0
Mutation.REMOVE_LEFT_SUBFORMULA_6_False_2,0
Mutation.SWAP_OR_WITH_AND_6_False_2,0
Mutation.SWAP_IMPLIES_WITH_EQUIV_2_None_1,0
Mutation.REMOVE_RIGHT_SUBFORMULA_4_False_1,0
Mutation.REMOVE_LEFT_SUBFORMULA_4_False_1,0
Mutation.SWAP_AND_WITH_IMPLIES_4_False_1,0
Mutation.SWAP_AND_WITH_EQUIV_4_False_1,0
Mutation.SWAP_AND_WITH_OR_4_False_1,0
Mutation.SWAP_F_WITH_X_3_False_2,0
Mutation.SWAP_F_WITH_G_2_None_3,0
Mutation.SWAP_F_WITH_X_2_None_4,0
Mutation.ADD_G_1_True_3,0
Mutation.SWAP_F_WITH_G_1_None_3,0
Mutation.SWAP_F_WITH_X_1_None_4,0
Mutation.ADD_G_2_None_3,0
Mutation.SWAP_EQUIV_WITH_AND_2_True_3,0
Mutation.REMOVE_X_4_False_1,0
Mutation.REMOVE_G_4_None_2,0
Mutation.REMOVE_LEFT_SUBFORMULA_3_False_4,0
Mutation.ADD_G_4_False_1,0
Mutation.SWAP_APS_0_None_5,0
Mutation.REMOVE_RIGHT_SUBFORMULA_2_None_4,0
Mutation.ADD_NEGATION_3_True_4,0
Mutation.ADD_G_3_None_5,0
Mutation.SWAP_F_WITH_G_3_None_5,0
Mutation.SWAP_F_WITH_X_3_None_5,0
Mutation.ADD_NEGATION_4_True_5,0
Mutation.ADD_G_4_None_5,0
Mutation.REMOVE_RIGHT_SUBFORMULA_4_False_5,0
Mutation.SWAP_AND_WITH_IMPLIES_4_False_5,0
Mutation.SWAP_AND_WITH_OR_4_False_5,0
Mutation.REMOVE_NEGATION_5_None_5,0
Mutation.ADD_NEGATION_5_None_5,0
Mutation.ADD_X_5_None_5,0
Mutation.ADD_F_5_False_5,0
Mutation.SWAP_F_WITH_G_5_True_2,0
Mutation.SWAP_F_WITH_X_5_True_2,0
Mutation.SWAP_F_WITH_G_3_False_2,0
Mutation.SWAP_F_WITH_X_3_False_3,0
Mutation.ADD_X_6_None_2,0
Mutation.SWAP_U_OPERANDS_3_None_2,0
Mutation.SWAP_U_OPERANDS_4_None_1,0
Mutation.REMOVE_LEFT_SUBFORMULA_2_True_4,0
Mutation.SWAP_IMPLIES_WITH_EQUIV_2_True_4,0
Mutation.ADD_X_3_True_4,0
Mutation.ADD_F_3_False_4,0
Mutation.SWAP_X_WITH_G_3_True_3,0
Mutation.SWAP_F_WITH_G_6_None_2,0
Mutation.SWAP_F_WITH_X_6_None_3,0
Mutation.ADD_NEGATION_7_None_1,0
Mutation.ADD_NEGATION_7_True_3,0
Mutation.REMOVE_RIGHT_SUBFORMULA_7_None_1,0
Mutation.SWAP_AND_WITH_IMPLIES_7_None_1,0
Mutation.SWAP_AND_WITH_EQUIV_7_None_1,0
Mutation.REMOVE_RIGHT_SUBFORMULA_8_None_1,0
Mutation.SWAP_F_WITH_G_10_None_2,0
Mutation.SWAP_IMPLIES_WITH_OR_2_True_3,0
Mutation.REMOVE_X_3_None_1,0
Mutation.SWAP_APS_0_None_4,0
Mutation.REMOVE_LEFT_SUBFORMULA_4_None_4,0
Mutation.ADD_NEGATION_5_None_4,0
Mutation.SWAP_U_WITH_W_3_None_1,0
Mutation.REMOVE_X_3_False_3,0
Mutation.SWAP_F_WITH_X_4_None_4,0
Mutation.SWAP_OR_WITH_IMPLIES_5_None_1,0
Mutation.SWAP_OR_WITH_AND_5_True_1,0
Mutation.SWAP_OR_WITH_AND_5_None_2,0
Mutation.SWAP_OR_WITH_AND_4_None_1,0
Mutation.SWAP_OR_WITH_IMPLIES_4_None_1,0
Mutation.SWAP_OR_WITH_EQUIV_4_None_1,0
Mutation.SWAP_OR_WITH_AND_5_None_3,0
Mutation.SWAP_U_WITH_W_1_None_1,0
Mutation.SWAP_OR_WITH_IMPLIES_4_True_2,0
Mutation.SWAP_OR_WITH_EQUIV_4_True_2,0
Mutation.REMOVE_X_4_True_2,0
Mutation.ADD_G_6_False_4,0
Mutation.REMOVE_X_3_True_1,0
Mutation.SWAP_OR_WITH_EQUIV_2_True_1,0
Mutation.REMOVE_X_5_None_1,0
Mutation.REMOVE_G_2_None_3,0
Mutation.SWAP_AND_WITH_EQUIV_4_None_3,0
Mutation.ADD_F_5_None_3,0
Mutation.ADD_NEGATION_7_None_3,0
Mutation.SWAP_X_WITH_F_5_None_3,0
Mutation.SWAP_OR_WITH_EQUIV_3_True_2,0
Mutation.SWAP_OR_WITH_AND_3_True_2,0
Mutation.SWAP_AND_WITH_IMPLIES_4_None_3,0
Mutation.REMOVE_RIGHT_SUBFORMULA_6_None_1,0
Mutation.REMOVE_RIGHT_SUBFORMULA_7_False_2,0
Mutation.REMOVE_LEFT_SUBFORMULA_7_False_2,0
Mutation.SWAP_AND_WITH_EQUIV_7_False_2,0
Mutation.SWAP_AND_WITH_OR_7_False_2,0
Mutation.SWAP_OR_WITH_EQUIV_4_None_3,0
Mutation.ADD_G_1_None_2,0
Mutation.SWAP_IMPLIES_WITH_OR_3_True_3,0
